{
  "gauss_width": 80.0,
  "polarization": [
    "0.7071067811865475",
    "0.7071067811865475j"
  ],
  "delay": 0.0,
  "carrier_freq": 14.759202286564848,
  "amplitude": 1.0,
  "gdd": 0.0,
  "tod": 0.0,
  "h": 1.0,
  "omega": 14.759202286564848,
  "delta_omega": 0.06283185307179587,
  "B": 2.4516989068614747e-06,
  "alpha": 0.0,
  "V_max": 2,
  "J_max": 2
}